{
  "time": {
    "mape": 19.322372424857576,
    "rmse": 1.9002675063895502,
    "mae": 1.189528306210414
  },
  "cost": {
    "mape": 14.277361367759775,
    "rmse": 5842.037545549644,
    "mae": 2373.2515267977187
  },
  "n_train": 61207,
  "n_test": 15302,
  "quantiles_available": true
}