{
  "accuracy": 0.9090185676392573,
  "macro_f1": 0.6764073097011513,
  "report": {
    "air": {
      "precision": 0.8694267515923567,
      "recall": 0.8675847457627118,
      "f1-score": 0.8685047720042418,
      "support": 944.0
    },
    "combined": {
      "precision": 0.21875,
      "recall": 0.22580645161290322,
      "f1-score": 0.2222222222222222,
      "support": 62.0
    },
    "road": {
      "precision": 0.9384949348769899,
      "recall": 0.9384949348769899,
      "f1-score": 0.9384949348769899,
      "support": 2764.0
    },
    "accuracy": 0.9090185676392573,
    "macro avg": {
      "precision": 0.6755572288231155,
      "recall": 0.677295377417535,
      "f1-score": 0.6764073097011513,
      "support": 3770.0
    },
    "weighted avg": {
      "precision": 0.9093637542448766,
      "recall": 0.9090185676392573,
      "f1-score": 0.909189995371295,
      "support": 3770.0
    }
  },
  "n_train": 15078,
  "n_test": 3770,
  "class_distribution": {
    "road": 13820,
    "air": 4747,
    "combined": 281
  }
}