{
  "val_l1": 4274.404296875,
  "mae_time": 19.413543701171875,
  "mae_cost": 8529.3955078125,
  "mape_time": 470.2914733886719,
  "mape_cost": 99.30736541748047,
  "n_train": 61207,
  "n_test": 15302
}